[
  {
    "username": "jeriixidjd",
    "channel_link": "https://t.me/jeriixidjd",
    "sniped_timestamp": "2025-08-14T09:16:05.231261",
    "account_used": "+8801342547247"
  },
  {
    "username": "odjdjajwjwj",
    "channel_link": "https://t.me/odjdjajwjwj",
    "sniped_timestamp": "2025-08-14T09:16:11.323591",
    "account_used": "+8801342547247"
  },
  {
    "username": "dshduhsd8hasdjsdj",
    "channel_link": "https://t.me/dshduhsd8hasdjsdj",
    "sniped_timestamp": "2025-08-14T09:17:32.703852",
    "account_used": "+8801342547247"
  },
  {
    "username": "jaidhahdishd",
    "channel_link": "https://t.me/jaidhahdishd",
    "sniped_timestamp": "2025-08-14T09:17:39.714374",
    "account_used": "+8801342547247"
  },
  {
    "username": "testusername2345678",
    "channel_link": "https://t.me/testusername2345678",
    "sniped_timestamp": "2025-08-14T09:20:52.247348",
    "account_used": "+8801342547247"
  },
  {
    "username": "testusername3456789",
    "channel_link": "https://t.me/testusername3456789",
    "sniped_timestamp": "2025-08-14T09:20:59.254070",
    "account_used": "+8801997689229"
  },
  {
    "username": "suidhsgdhs",
    "channel_link": "https://t.me/suidhsgdhs",
    "sniped_timestamp": "2025-08-14T09:34:16.639212",
    "account_used": "+8801997689229"
  },
  {
    "username": "asjhdigsduhsd",
    "channel_link": "https://t.me/asjhdigsduhsd",
    "sniped_timestamp": "2025-08-14T09:34:23.599148",
    "account_used": "+8801997689229"
  },
  {
    "username": "hsudgsgsh",
    "channel_link": "https://t.me/hsudgsgsh",
    "sniped_timestamp": "2025-08-14T09:36:41.149115",
    "account_used": "+8801997689229"
  },
  {
    "username": "djshdshd",
    "channel_link": "https://t.me/djshdshd",
    "sniped_timestamp": "2025-08-14T09:36:47.321548",
    "account_used": "+8801997689229"
  },
  {
    "username": "tfvbhytfcvhjk",
    "channel_link": "https://t.me/tfvbhytfcvhjk",
    "sniped_timestamp": "2025-08-14T09:44:29.783137",
    "account_used": "+8801997689229"
  },
  {
    "username": "gfvbhjuytfgb",
    "channel_link": "https://t.me/gfvbhjuytfgb",
    "sniped_timestamp": "2025-08-14T09:47:20.163039",
    "account_used": "+8801997689229"
  },
  {
    "username": "recrescita",
    "channel_link": "https://t.me/recrescita",
    "sniped_timestamp": "2025-08-14T09:51:48.179536",
    "account_used": "+8801704324173"
  },
  {
    "username": "marciario",
    "channel_link": "https://t.me/marciario",
    "sniped_timestamp": "2025-08-14T09:51:53.842035",
    "account_used": "+8801704324173"
  },
  {
    "username": "crinsone",
    "channel_link": "https://t.me/crinsone",
    "sniped_timestamp": "2025-08-14T09:59:56.446613",
    "account_used": "+8801704324173"
  },
  {
    "username": "giullarera",
    "channel_link": "https://t.me/giullarera",
    "sniped_timestamp": "2025-08-14T10:01:53.379224",
    "account_used": "+8801704324173"
  },
  {
    "username": "minchiato",
    "channel_link": "https://t.me/minchiato",
    "sniped_timestamp": "2025-08-14T10:06:00.417587",
    "account_used": "+8801704324173"
  },
  {
    "username": "monuncolo",
    "channel_link": "https://t.me/monuncolo",
    "sniped_timestamp": "2025-08-14T10:06:06.662837",
    "account_used": "+8801704324173"
  },
  {
    "username": "impazziscomolto",
    "channel_link": "https://t.me/impazziscomolto",
    "sniped_timestamp": "2025-08-14T10:16:00.652694",
    "account_used": "+8801704324173"
  },
  {
    "username": "trumanshowd",
    "channel_link": "https://t.me/trumanshowd",
    "sniped_timestamp": "2025-08-14T10:16:18.708372",
    "account_used": "+8801618659235"
  },
  {
    "username": "rrrrrrrrrrggggggggddwwwwwwwwwwww",
    "channel_link": "https://t.me/rrrrrrrrrrggggggggddwwwwwwwwwwww",
    "sniped_timestamp": "2025-08-14T12:55:39.304954",
    "account_used": "+8801704324173"
  },
  {
    "username": "nhjnbfdertg",
    "channel_link": "https://t.me/nhjnbfdertg",
    "sniped_timestamp": "2025-08-14T12:56:26.930432",
    "account_used": "+8801704324173"
  },
  {
    "username": "trfvhjuiouyhgbn",
    "channel_link": "https://t.me/trfvhjuiouyhgbn",
    "sniped_timestamp": "2025-08-14T12:56:41.281837",
    "account_used": "+8801704324173"
  },
  {
    "username": "gdrtgfrew3rt5",
    "channel_link": "https://t.me/gdrtgfrew3rt5",
    "sniped_timestamp": "2025-08-14T12:57:42.480552",
    "account_used": "+8801704324173"
  },
  {
    "username": "prova12390",
    "channel_link": "https://t.me/prova12390",
    "sniped_timestamp": "2025-08-14T13:00:48.994400",
    "account_used": "+8801618659235"
  },
  {
    "username": "provasare",
    "channel_link": "https://t.me/provasare",
    "sniped_timestamp": "2025-08-14T13:00:57.057492",
    "account_used": "+8801618659235"
  }
]